[{"model": "admin.logentry", "pk": 1, "fields": {"action_time": "2022-08-30T09:20:38.172Z", "user": 1, "content_type": 9, "object_id": "1", "object_repr": "Product object (1)", "action_flag": 1, "change_message": "[{\"added\": {}}]"}}, {"model": "admin.logentry", "pk": 2, "fields": {"action_time": "2022-08-30T09:21:26.048Z", "user": 1, "content_type": 9, "object_id": "2", "object_repr": "Product object (2)", "action_flag": 1, "change_message": "[{\"added\": {}}]"}}, {"model": "admin.logentry", "pk": 3, "fields": {"action_time": "2022-08-30T09:21:42.215Z", "user": 1, "content_type": 9, "object_id": "3", "object_repr": "Product object (3)", "action_flag": 1, "change_message": "[{\"added\": {}}]"}}, {"model": "admin.logentry", "pk": 4, "fields": {"action_time": "2022-08-30T09:21:54.326Z", "user": 1, "content_type": 9, "object_id": "4", "object_repr": "Product object (4)", "action_flag": 1, "change_message": "[{\"added\": {}}]"}}, {"model": "admin.logentry", "pk": 5, "fields": {"action_time": "2022-08-30T09:22:14.661Z", "user": 1, "content_type": 9, "object_id": "5", "object_repr": "Product object (5)", "action_flag": 1, "change_message": "[{\"added\": {}}]"}}, {"model": "admin.logentry", "pk": 6, "fields": {"action_time": "2022-08-30T10:22:34.486Z", "user": 1, "content_type": 9, "object_id": "6", "object_repr": "pliers", "action_flag": 1, "change_message": "[{\"added\": {}}]"}}, {"model": "admin.logentry", "pk": 7, "fields": {"action_time": "2022-08-30T10:24:30.156Z", "user": 1, "content_type": 9, "object_id": "7", "object_repr": "hammer", "action_flag": 1, "change_message": "[{\"added\": {}}]"}}, {"model": "admin.logentry", "pk": 8, "fields": {"action_time": "2022-08-30T10:25:16.396Z", "user": 1, "content_type": 9, "object_id": "6", "object_repr": "pliers", "action_flag": 3, "change_message": ""}}, {"model": "admin.logentry", "pk": 9, "fields": {"action_time": "2022-08-30T10:26:05.505Z", "user": 1, "content_type": 9, "object_id": "5", "object_repr": "T-shirt", "action_flag": 2, "change_message": "[{\"changed\": {\"fields\": [\"Image\"]}}]"}}, {"model": "admin.logentry", "pk": 10, "fields": {"action_time": "2022-08-30T10:26:15.691Z", "user": 1, "content_type": 9, "object_id": "4", "object_repr": "Shoes", "action_flag": 3, "change_message": ""}}, {"model": "admin.logentry", "pk": 11, "fields": {"action_time": "2022-08-30T10:26:37.203Z", "user": 1, "content_type": 9, "object_id": "1", "object_repr": "HeadPhones", "action_flag": 2, "change_message": "[{\"changed\": {\"fields\": [\"Image\"]}}]"}}, {"model": "admin.logentry", "pk": 12, "fields": {"action_time": "2022-08-30T10:26:43.305Z", "user": 1, "content_type": 9, "object_id": "2", "object_repr": "Mount of Olives Bock", "action_flag": 3, "change_message": ""}}, {"model": "admin.logentry", "pk": 13, "fields": {"action_time": "2022-08-30T10:26:53.579Z", "user": 1, "content_type": 9, "object_id": "3", "object_repr": "Watch", "action_flag": 3, "change_message": ""}}, {"model": "admin.logentry", "pk": 14, "fields": {"action_time": "2022-08-30T10:43:11.456Z", "user": 1, "content_type": 9, "object_id": "8", "object_repr": "House", "action_flag": 1, "change_message": "[{\"added\": {}}]"}}, {"model": "admin.logentry", "pk": 15, "fields": {"action_time": "2022-08-30T10:45:20.867Z", "user": 1, "content_type": 7, "object_id": "1", "object_repr": "Brian", "action_flag": 1, "change_message": "[{\"added\": {}}]"}}, {"model": "admin.logentry", "pk": 16, "fields": {"action_time": "2022-08-30T10:46:06.002Z", "user": 1, "content_type": 8, "object_id": "1", "object_repr": "1", "action_flag": 1, "change_message": "[{\"added\": {}}]"}}, {"model": "admin.logentry", "pk": 17, "fields": {"action_time": "2022-08-30T10:47:45.969Z", "user": 1, "content_type": 11, "object_id": "1", "object_repr": "OrderItem object (1)", "action_flag": 1, "change_message": "[{\"added\": {}}]"}}, {"model": "admin.logentry", "pk": 18, "fields": {"action_time": "2022-08-30T10:48:00.880Z", "user": 1, "content_type": 11, "object_id": "2", "object_repr": "OrderItem object (2)", "action_flag": 1, "change_message": "[{\"added\": {}}]"}}, {"model": "admin.logentry", "pk": 19, "fields": {"action_time": "2022-08-31T07:38:47.489Z", "user": 1, "content_type": 9, "object_id": "9", "object_repr": "coolness", "action_flag": 1, "change_message": "[{\"added\": {}}]"}}, {"model": "admin.logentry", "pk": 20, "fields": {"action_time": "2022-08-31T08:04:36.803Z", "user": 1, "content_type": 9, "object_id": "9", "object_repr": "coolness", "action_flag": 2, "change_message": "[{\"changed\": {\"fields\": [\"Digital\"]}}]"}}, {"model": "admin.logentry", "pk": 21, "fields": {"action_time": "2022-08-31T08:05:41.480Z", "user": 1, "content_type": 9, "object_id": "9", "object_repr": "coolness", "action_flag": 2, "change_message": "[{\"changed\": {\"fields\": [\"Digital\"]}}]"}}, {"model": "admin.logentry", "pk": 22, "fields": {"action_time": "2025-01-28T10:54:43.419Z", "user": 3, "content_type": 9, "object_id": "10", "object_repr": "size8", "action_flag": 1, "change_message": "[{\"added\": {}}]"}}, {"model": "admin.logentry", "pk": 23, "fields": {"action_time": "2025-01-28T10:57:58.204Z", "user": 3, "content_type": 9, "object_id": "11", "object_repr": "size 6", "action_flag": 1, "change_message": "[{\"added\": {}}]"}}, {"model": "admin.logentry", "pk": 24, "fields": {"action_time": "2025-01-28T10:58:17.274Z", "user": 3, "content_type": 9, "object_id": "12", "object_repr": "size 11", "action_flag": 1, "change_message": "[{\"added\": {}}]"}}, {"model": "admin.logentry", "pk": 25, "fields": {"action_time": "2025-01-28T10:58:34.272Z", "user": 3, "content_type": 9, "object_id": "13", "object_repr": "size 8", "action_flag": 1, "change_message": "[{\"added\": {}}]"}}, {"model": "admin.logentry", "pk": 26, "fields": {"action_time": "2025-01-28T10:58:55.633Z", "user": 3, "content_type": 9, "object_id": "14", "object_repr": "size 9", "action_flag": 1, "change_message": "[{\"added\": {}}]"}}, {"model": "admin.logentry", "pk": 27, "fields": {"action_time": "2025-01-28T10:59:22.621Z", "user": 3, "content_type": 9, "object_id": "1", "object_repr": "HeadPhones", "action_flag": 3, "change_message": ""}}, {"model": "admin.logentry", "pk": 28, "fields": {"action_time": "2025-01-28T10:59:27.223Z", "user": 3, "content_type": 9, "object_id": "7", "object_repr": "hammer", "action_flag": 3, "change_message": ""}}, {"model": "admin.logentry", "pk": 29, "fields": {"action_time": "2025-01-28T10:59:33.137Z", "user": 3, "content_type": 9, "object_id": "5", "object_repr": "T-shirt", "action_flag": 3, "change_message": ""}}, {"model": "admin.logentry", "pk": 30, "fields": {"action_time": "2025-01-28T10:59:37.492Z", "user": 3, "content_type": 9, "object_id": "8", "object_repr": "House", "action_flag": 3, "change_message": ""}}, {"model": "admin.logentry", "pk": 31, "fields": {"action_time": "2025-01-28T10:59:53.688Z", "user": 3, "content_type": 9, "object_id": "9", "object_repr": "coolness", "action_flag": 3, "change_message": ""}}, {"model": "admin.logentry", "pk": 32, "fields": {"action_time": "2025-01-28T11:01:15.827Z", "user": 3, "content_type": 9, "object_id": "14", "object_repr": "size 9", "action_flag": 3, "change_message": ""}}, {"model": "admin.logentry", "pk": 33, "fields": {"action_time": "2025-01-28T11:01:38.218Z", "user": 3, "content_type": 9, "object_id": "15", "object_repr": "size 7", "action_flag": 1, "change_message": "[{\"added\": {}}]"}}, {"model": "admin.logentry", "pk": 34, "fields": {"action_time": "2025-01-28T11:02:02.959Z", "user": 3, "content_type": 9, "object_id": "16", "object_repr": "size 6", "action_flag": 1, "change_message": "[{\"added\": {}}]"}}, {"model": "admin.logentry", "pk": 35, "fields": {"action_time": "2025-01-28T11:02:21.011Z", "user": 3, "content_type": 9, "object_id": "17", "object_repr": "size 7.5", "action_flag": 1, "change_message": "[{\"added\": {}}]"}}, {"model": "admin.logentry", "pk": 36, "fields": {"action_time": "2025-01-28T11:02:38.640Z", "user": 3, "content_type": 9, "object_id": "18", "object_repr": "size 11", "action_flag": 1, "change_message": "[{\"added\": {}}]"}}, {"model": "admin.logentry", "pk": 37, "fields": {"action_time": "2025-01-28T11:02:55.321Z", "user": 3, "content_type": 9, "object_id": "19", "object_repr": "size 6.5", "action_flag": 1, "change_message": "[{\"added\": {}}]"}}, {"model": "admin.logentry", "pk": 38, "fields": {"action_time": "2025-01-28T11:03:22.105Z", "user": 3, "content_type": 9, "object_id": "20", "object_repr": "size 8.5", "action_flag": 1, "change_message": "[{\"added\": {}}]"}}, {"model": "admin.logentry", "pk": 39, "fields": {"action_time": "2025-01-28T11:03:49.063Z", "user": 3, "content_type": 9, "object_id": "20", "object_repr": "size 8.5", "action_flag": 3, "change_message": ""}}, {"model": "auth.permission", "pk": 1, "fields": {"name": "Can add log entry", "content_type": 1, "codename": "add_logentry"}}, {"model": "auth.permission", "pk": 2, "fields": {"name": "Can change log entry", "content_type": 1, "codename": "change_logentry"}}, {"model": "auth.permission", "pk": 3, "fields": {"name": "Can delete log entry", "content_type": 1, "codename": "delete_logentry"}}, {"model": "auth.permission", "pk": 4, "fields": {"name": "Can view log entry", "content_type": 1, "codename": "view_logentry"}}, {"model": "auth.permission", "pk": 5, "fields": {"name": "Can add permission", "content_type": 2, "codename": "add_permission"}}, {"model": "auth.permission", "pk": 6, "fields": {"name": "Can change permission", "content_type": 2, "codename": "change_permission"}}, {"model": "auth.permission", "pk": 7, "fields": {"name": "Can delete permission", "content_type": 2, "codename": "delete_permission"}}, {"model": "auth.permission", "pk": 8, "fields": {"name": "Can view permission", "content_type": 2, "codename": "view_permission"}}, {"model": "auth.permission", "pk": 9, "fields": {"name": "Can add group", "content_type": 3, "codename": "add_group"}}, {"model": "auth.permission", "pk": 10, "fields": {"name": "Can change group", "content_type": 3, "codename": "change_group"}}, {"model": "auth.permission", "pk": 11, "fields": {"name": "Can delete group", "content_type": 3, "codename": "delete_group"}}, {"model": "auth.permission", "pk": 12, "fields": {"name": "Can view group", "content_type": 3, "codename": "view_group"}}, {"model": "auth.permission", "pk": 13, "fields": {"name": "Can add user", "content_type": 4, "codename": "add_user"}}, {"model": "auth.permission", "pk": 14, "fields": {"name": "Can change user", "content_type": 4, "codename": "change_user"}}, {"model": "auth.permission", "pk": 15, "fields": {"name": "Can delete user", "content_type": 4, "codename": "delete_user"}}, {"model": "auth.permission", "pk": 16, "fields": {"name": "Can view user", "content_type": 4, "codename": "view_user"}}, {"model": "auth.permission", "pk": 17, "fields": {"name": "Can add content type", "content_type": 5, "codename": "add_contenttype"}}, {"model": "auth.permission", "pk": 18, "fields": {"name": "Can change content type", "content_type": 5, "codename": "change_contenttype"}}, {"model": "auth.permission", "pk": 19, "fields": {"name": "Can delete content type", "content_type": 5, "codename": "delete_contenttype"}}, {"model": "auth.permission", "pk": 20, "fields": {"name": "Can view content type", "content_type": 5, "codename": "view_contenttype"}}, {"model": "auth.permission", "pk": 21, "fields": {"name": "Can add session", "content_type": 6, "codename": "add_session"}}, {"model": "auth.permission", "pk": 22, "fields": {"name": "Can change session", "content_type": 6, "codename": "change_session"}}, {"model": "auth.permission", "pk": 23, "fields": {"name": "Can delete session", "content_type": 6, "codename": "delete_session"}}, {"model": "auth.permission", "pk": 24, "fields": {"name": "Can view session", "content_type": 6, "codename": "view_session"}}, {"model": "auth.permission", "pk": 25, "fields": {"name": "Can add customer", "content_type": 7, "codename": "add_customer"}}, {"model": "auth.permission", "pk": 26, "fields": {"name": "Can change customer", "content_type": 7, "codename": "change_customer"}}, {"model": "auth.permission", "pk": 27, "fields": {"name": "Can delete customer", "content_type": 7, "codename": "delete_customer"}}, {"model": "auth.permission", "pk": 28, "fields": {"name": "Can view customer", "content_type": 7, "codename": "view_customer"}}, {"model": "auth.permission", "pk": 29, "fields": {"name": "Can add order", "content_type": 8, "codename": "add_order"}}, {"model": "auth.permission", "pk": 30, "fields": {"name": "Can change order", "content_type": 8, "codename": "change_order"}}, {"model": "auth.permission", "pk": 31, "fields": {"name": "Can delete order", "content_type": 8, "codename": "delete_order"}}, {"model": "auth.permission", "pk": 32, "fields": {"name": "Can view order", "content_type": 8, "codename": "view_order"}}, {"model": "auth.permission", "pk": 33, "fields": {"name": "Can add product", "content_type": 9, "codename": "add_product"}}, {"model": "auth.permission", "pk": 34, "fields": {"name": "Can change product", "content_type": 9, "codename": "change_product"}}, {"model": "auth.permission", "pk": 35, "fields": {"name": "Can delete product", "content_type": 9, "codename": "delete_product"}}, {"model": "auth.permission", "pk": 36, "fields": {"name": "Can view product", "content_type": 9, "codename": "view_product"}}, {"model": "auth.permission", "pk": 37, "fields": {"name": "Can add shipping address", "content_type": 10, "codename": "add_shippingaddress"}}, {"model": "auth.permission", "pk": 38, "fields": {"name": "Can change shipping address", "content_type": 10, "codename": "change_shippingaddress"}}, {"model": "auth.permission", "pk": 39, "fields": {"name": "Can delete shipping address", "content_type": 10, "codename": "delete_shippingaddress"}}, {"model": "auth.permission", "pk": 40, "fields": {"name": "Can view shipping address", "content_type": 10, "codename": "view_shippingaddress"}}, {"model": "auth.permission", "pk": 41, "fields": {"name": "Can add order item", "content_type": 11, "codename": "add_orderitem"}}, {"model": "auth.permission", "pk": 42, "fields": {"name": "Can change order item", "content_type": 11, "codename": "change_orderitem"}}, {"model": "auth.permission", "pk": 43, "fields": {"name": "Can delete order item", "content_type": 11, "codename": "delete_orderitem"}}, {"model": "auth.permission", "pk": 44, "fields": {"name": "Can view order item", "content_type": 11, "codename": "view_orderitem"}}, {"model": "auth.permission", "pk": 45, "fields": {"name": "Can add PayPal IPN", "content_type": 12, "codename": "add_paypalipn"}}, {"model": "auth.permission", "pk": 46, "fields": {"name": "Can change PayPal IPN", "content_type": 12, "codename": "change_paypalipn"}}, {"model": "auth.permission", "pk": 47, "fields": {"name": "Can delete PayPal IPN", "content_type": 12, "codename": "delete_paypalipn"}}, {"model": "auth.permission", "pk": 48, "fields": {"name": "Can view PayPal IPN", "content_type": 12, "codename": "view_paypalipn"}}, {"model": "auth.user", "pk": 1, "fields": {"password": "pbkdf2_sha256$320000$T8sozaVP7cxUtg2DQHldgr$2soRVGrkU/nqnqpx53rNnz8sk0l/kle9b1OVHBG2Sqs=", "last_login": "2022-08-31T09:02:48.916Z", "is_superuser": true, "username": "brian", "first_name": "", "last_name": "", "email": "brianjohnkiama@gmail.com", "is_staff": true, "is_active": true, "date_joined": "2022-08-30T09:15:55.208Z", "groups": [], "user_permissions": []}}, {"model": "auth.user", "pk": 2, "fields": {"password": "pbkdf2_sha256$260000$QZYWlb7yDzOzhY3zomuGBh$21VPJkbmn4GW6Y22IWxwFnY9eOAum9OtXzr/K2MQEvQ=", "last_login": "2025-01-28T10:48:24.837Z", "is_superuser": false, "username": "d", "first_name": "q", "last_name": "a", "email": "d@gmail.com", "is_staff": false, "is_active": true, "date_joined": "2025-01-27T22:14:55.746Z", "groups": [], "user_permissions": []}}, {"model": "auth.user", "pk": 3, "fields": {"password": "pbkdf2_sha256$260000$4u4cvIb7yEnBtpHsE7fNv4$Z5t2oZhRPzLIbQu3PvMjFQL++NiD8+kIDmifsJIl+LI=", "last_login": "2025-01-28T11:05:24.582Z", "is_superuser": true, "username": "kiama", "first_name": "", "last_name": "", "email": "kiama@gmail.com", "is_staff": true, "is_active": true, "date_joined": "2025-01-28T10:51:01.239Z", "groups": [], "user_permissions": []}}, {"model": "auth.user", "pk": 4, "fields": {"password": "pbkdf2_sha256$260000$HTcz7OxMGTQ0AkHiOnaiXl$kPewPv4o0xHj7oSPecY9Fe0Itat31c7heMDumUbkZWs=", "last_login": "2025-03-31T17:31:08.666Z", "is_superuser": false, "username": "lydiah", "first_name": "lydiah", "last_name": "wamaitha", "email": "lydiah@gmail.com", "is_staff": false, "is_active": true, "date_joined": "2025-03-12T00:10:25.496Z", "groups": [], "user_permissions": []}}, {"model": "auth.user", "pk": 5, "fields": {"password": "pbkdf2_sha256$260000$TDivLeYeb8PPbNEtgFxkSq$uTGnOs70XtxgTcbaAZeTXF2xyx8Ilq6vRVImKhsXPbI=", "last_login": "2025-03-27T10:27:18.789Z", "is_superuser": false, "username": "sem", "first_name": "sem", "last_name": "ano", "email": "sem@gmail.com", "is_staff": false, "is_active": true, "date_joined": "2025-03-27T08:53:29.108Z", "groups": [], "user_permissions": []}}, {"model": "auth.user", "pk": 6, "fields": {"password": "pbkdf2_sha256$260000$T4s7SQduL0ITossRmffJll$gkUkz8/TIbrci6/KAa92N/PPLdi3wP4qzQAfR0EgsI0=", "last_login": "2025-03-27T10:29:55.599Z", "is_superuser": false, "username": "deno", "first_name": "deno", "last_name": "deno", "email": "deno@gmail.com", "is_staff": false, "is_active": true, "date_joined": "2025-03-27T10:29:45.759Z", "groups": [], "user_permissions": []}}, {"model": "auth.user", "pk": 7, "fields": {"password": "pbkdf2_sha256$260000$bRBaDb8meERvYC9coRdvpW$SO2KME7M6vs+fTETuiz1dXk6+l93D/YeoNvkmcWB2BQ=", "last_login": "2025-03-27T10:43:00.233Z", "is_superuser": false, "username": "lynn", "first_name": "lynn", "last_name": "lynn", "email": "lynn@gmail.com", "is_staff": false, "is_active": true, "date_joined": "2025-03-27T10:42:51.253Z", "groups": [], "user_permissions": []}}, {"model": "contenttypes.contenttype", "pk": 1, "fields": {"app_label": "admin", "model": "logentry"}}, {"model": "contenttypes.contenttype", "pk": 2, "fields": {"app_label": "auth", "model": "permission"}}, {"model": "contenttypes.contenttype", "pk": 3, "fields": {"app_label": "auth", "model": "group"}}, {"model": "contenttypes.contenttype", "pk": 4, "fields": {"app_label": "auth", "model": "user"}}, {"model": "contenttypes.contenttype", "pk": 5, "fields": {"app_label": "contenttypes", "model": "contenttype"}}, {"model": "contenttypes.contenttype", "pk": 6, "fields": {"app_label": "sessions", "model": "session"}}, {"model": "contenttypes.contenttype", "pk": 7, "fields": {"app_label": "store", "model": "customer"}}, {"model": "contenttypes.contenttype", "pk": 8, "fields": {"app_label": "store", "model": "order"}}, {"model": "contenttypes.contenttype", "pk": 9, "fields": {"app_label": "store", "model": "product"}}, {"model": "contenttypes.contenttype", "pk": 10, "fields": {"app_label": "store", "model": "shippingaddress"}}, {"model": "contenttypes.contenttype", "pk": 11, "fields": {"app_label": "store", "model": "orderitem"}}, {"model": "contenttypes.contenttype", "pk": 12, "fields": {"app_label": "ipn", "model": "paypalipn"}}, {"model": "sessions.session", "pk": "h94efcziwm97zmhczvxyw22box1fpohz", "fields": {"session_data": ".eJxVjDsOwjAQBe_iGlm7iX-hpOcMlndt4wCypTipEHeHSCmgfTPzXsKHbS1-62nxcxRnMYrT70aBH6nuIN5DvTXJra7LTHJX5EG7vLaYnpfD_TsooZdvPY2csrPZAWFmlQjBag7WgbKGw0gONINFkxxpmnJGMHGIg1OoMCOK9wfsbzed:1tcjPI:syYCyxlJF-ojH1u4dCNQ8T68x0redjdVoegH4n14OQM", "expire_date": "2025-02-11T11:05:24.587Z"}}, {"model": "sessions.session", "pk": "hdn4oa6jkn79yans5m0x0prh3lw37umy", "fields": {"session_data": ".eJxVjDsOwjAQBe_iGlnxd21Kes5gbdZrHECOFCcV4u4QKQW0b2beSyTc1pq2zkuasjgLK06_24j04LaDfMd2myXNbV2mUe6KPGiX1znz83K4fwcVe_3WrABVKOxJWWu992DYeTdoaxwHFYNxNhYcQJtAJUJBMlFTdsUxQNHi_QG5HzcJ:1tzIya:nR3nKg_1uzykUuDQMAR04PEvsS4v2V32XYIwUdD3Wp8", "expire_date": "2025-04-14T17:31:08.673Z"}}, {"model": "sessions.session", "pk": "irhl3yeg0ed8d6f6ofakcodb1fph8gvk", "fields": {"session_data": ".eJxVjDsOwjAQBe_iGlnxd21Kes5gbdZrHECOFCcV4u4QKQW0b2beSyTc1pq2zkuasjgLK06_24j04LaDfMd2myXNbV2mUe6KPGiX1znz83K4fwcVe_3WrABVKOxJWWu992DYeTdoaxwHFYNxNhYcQJtAJUJBMlFTdsUxQNHi_QG5HzcJ:1txm0l:0lgsqjUIl-EqCu9cLmtNYDsGscVtAso9-kdqnu-rUFk", "expire_date": "2025-04-10T12:07:03.074Z"}}, {"model": "sessions.session", "pk": "jbcyedlhkt4nw2u0m5t493ozbtaeeccr", "fields": {"session_data": ".eJxVjDsOwjAQBe_iGlnxd21Kes5gbdZrHECOFCcV4u4QKQW0b2beSyTc1pq2zkuasjgLK06_24j04LaDfMd2myXNbV2mUe6KPGiX1znz83K4fwcVe_3WrABVKOxJWWu992DYeTdoaxwHFYNxNhYcQJtAJUJBMlFTdsUxQNHi_QG5HzcJ:1tzIlU:Hrrrr0KDMJUoiaO4KgimfBofJWFMFAviA3zkvRfQfyM", "expire_date": "2025-04-14T17:17:36.563Z"}}, {"model": "sessions.session", "pk": "jw0tzuk08vv1g35sj9ow8air6v7r982y", "fields": {"session_data": "e30:1tcXNn:xIyVhroGXkgoypJF-5htQHHHlksdY9ZnXfBLEjjkGlU", "expire_date": "2025-02-10T22:15:03.261Z"}}, {"model": "sessions.session", "pk": "pwn3zx723bcpw6an4vuxfbs1uy5p5yyt", "fields": {"session_data": ".eJxVjDsOwjAQBe_iGllefwimpOcM1np3jQPIkeKkQtwdIqWA9s3Me6mE61LT2mVOI6uzAnX43TLSQ9oG-I7tNmma2jKPWW-K3mnX14nledndv4OKvX5rlCM6NBDQORpAhAqVHFi8h8COI8VojbBzxcd4sgziqQxsvFgOBtT7AwmNOIc:1oTJcW:D8jUo1GUpaQvQ8eGySawXKk7PShrigbM4vUtuXLBur8", "expire_date": "2022-09-14T09:02:48.921Z"}}, {"model": "sessions.session", "pk": "sm5r0h4u758au2vuo3hpyioasli5j2yw", "fields": {"session_data": ".eJxVjDsOwjAUBO_iGln-vTimpOcM1tp-wQHkSPlUiLtDpBTQ7szsS0Rsa43bwnMcizgLL06_W0J-cNtBuaPdJpmnts5jkrsiD7rI61T4eTncv4OKpX7rLigk0iWllOG0YjbknQ_aUh4cENzABoF6B281CJ1V0Nx3VJSxFMT7A-6UN5Q:1txkhQ:dDixknT4a0w-CVOSYY3BmK_3g56SHzKfCUqoUStd2VM", "expire_date": "2025-04-10T10:43:00.251Z"}}, {"model": "sessions.session", "pk": "w8rrm8an7bc0u09unkaveiudv0z775vk", "fields": {"session_data": ".eJxVjDsOwjAQBe_iGlnxd21Kes5gbdZrHECOFCcV4u4QKQW0b2beSyTc1pq2zkuasjgLK06_24j04LaDfMd2myXNbV2mUe6KPGiX1znz83K4fwcVe_3WrABVKOxJWWu992DYeTdoaxwHFYNxNhYcQJtAJUJBMlFTdsUxQNHi_QG5HzcJ:1ts9g8:klef8QIxFpn74IQAZ0NLWruNBQEJ9IZkZK4HqXP8kNU", "expire_date": "2025-03-26T00:10:32.664Z"}}, {"model": "sessions.session", "pk": "x16wm3mmpfus2tjc3c78wsa1v0r7zc4o", "fields": {"session_data": ".eJxVjEEOwiAQRe_C2hBgCoMu3fcMZGCoVA0kpV0Z765NutDtf-_9lwi0rSVsPS9hZnERVpx-t0jpkesO-E711mRqdV3mKHdFHrTLsXF-Xg_376BQL996gKzYOkyDRuUzqzOZ6AmzTaDSRM5PRNYDgCXjDSZgYOOjdhpRRxTvD9wvN20:1txizb:IqrKDJjea0zNCf_L5I5ZM-8mFPDzwb-PZrBz3sQHALA", "expire_date": "2025-04-10T08:53:39.594Z"}}, {"model": "store.customer", "pk": 1, "fields": {"user": 1, "name": "Brian", "email": "brianjohnkiama@gmail.com"}}, {"model": "store.customer", "pk": 2, "fields": {"user": 2, "name": "d", "email": "d@gmail.com"}}, {"model": "store.customer", "pk": 3, "fields": {"user": 3, "name": "kiama", "email": "kiama@gmail.com"}}, {"model": "store.customer", "pk": 4, "fields": {"user": 4, "name": "lydiah", "email": "lydiah@gmail.com"}}, {"model": "store.customer", "pk": 5, "fields": {"user": 5, "name": "sem", "email": "sem@gmail.com"}}, {"model": "store.customer", "pk": 6, "fields": {"user": 6, "name": "deno", "email": "deno@gmail.com"}}, {"model": "store.customer", "pk": 7, "fields": {"user": 7, "name": "lynn", "email": "lynn@gmail.com"}}, {"model": "store.product", "pk": 10, "fields": {"name": "size8", "price": 2000.0, "digital": false, "image": "Gents_Shoes_Sports.jpg"}}, {"model": "store.product", "pk": 11, "fields": {"name": "size 6", "price": 2500.0, "digital": false, "image": "11.jpg"}}, {"model": "store.product", "pk": 12, "fields": {"name": "size 11", "price": 1500.0, "digital": false, "image": "10.jpg"}}, {"model": "store.product", "pk": 13, "fields": {"name": "size 8", "price": 1200.0, "digital": false, "image": "9.jpg"}}, {"model": "store.product", "pk": 15, "fields": {"name": "size 7", "price": 1500.0, "digital": false, "image": "1.jpg"}}, {"model": "store.product", "pk": 16, "fields": {"name": "size 6", "price": 1300.0, "digital": false, "image": "2.jpg"}}, {"model": "store.product", "pk": 17, "fields": {"name": "size 7.5", "price": 2000.0, "digital": false, "image": "3.jpg"}}, {"model": "store.product", "pk": 18, "fields": {"name": "size 11", "price": 1800.0, "digital": false, "image": "4.jpg"}}, {"model": "store.product", "pk": 19, "fields": {"name": "size 6.5", "price": 1900.0, "digital": false, "image": "5.jpg"}}, {"model": "store.order", "pk": 1, "fields": {"customer": 1, "date_ordered": "2022-08-30T10:46:05.998Z", "complete": true, "transaction_id": "1661938491.300005"}}, {"model": "store.order", "pk": 2, "fields": {"customer": 1, "date_ordered": "2022-08-31T09:34:53.677Z", "complete": true, "transaction_id": "1661939020.853653"}}, {"model": "store.order", "pk": 3, "fields": {"customer": 1, "date_ordered": "2022-08-31T09:43:42.802Z", "complete": true, "transaction_id": "1661965031.816805"}}, {"model": "store.order", "pk": 4, "fields": {"customer": 1, "date_ordered": "2022-08-31T16:57:14.100Z", "complete": true, "transaction_id": "1662013927.360816"}}, {"model": "store.order", "pk": 5, "fields": {"customer": 1, "date_ordered": "2022-09-01T06:32:09.866Z", "complete": true, "transaction_id": "1662013933.731127"}}, {"model": "store.order", "pk": 6, "fields": {"customer": 1, "date_ordered": "2022-09-01T06:32:15.669Z", "complete": true, "transaction_id": "1662013952.433613"}}, {"model": "store.order", "pk": 7, "fields": {"customer": 1, "date_ordered": "2022-09-01T06:32:33.368Z", "complete": false, "transaction_id": "1662013953.352305"}}, {"model": "store.order", "pk": 8, "fields": {"customer": 2, "date_ordered": "2025-01-27T22:21:02.820Z", "complete": true, "transaction_id": "1738021538.883743"}}, {"model": "store.order", "pk": 9, "fields": {"customer": 2, "date_ordered": "2025-01-27T23:45:40.384Z", "complete": true, "transaction_id": "1738021673.661852"}}, {"model": "store.order", "pk": 10, "fields": {"customer": 2, "date_ordered": "2025-01-27T23:48:00.030Z", "complete": false, "transaction_id": "1738021680.027282"}}, {"model": "store.order", "pk": 11, "fields": {"customer": 3, "date_ordered": "2025-01-28T10:55:41.499Z", "complete": true, "transaction_id": "1738062305.907421"}}, {"model": "store.order", "pk": 12, "fields": {"customer": 3, "date_ordered": "2025-01-28T11:05:24.618Z", "complete": false, "transaction_id": null}}, {"model": "store.order", "pk": 13, "fields": {"customer": 4, "date_ordered": "2025-03-12T00:10:32.696Z", "complete": true, "transaction_id": "1743400176.482015"}}, {"model": "store.order", "pk": 14, "fields": {"customer": 5, "date_ordered": "2025-03-27T08:53:39.629Z", "complete": true, "transaction_id": "1743067729.020166"}}, {"model": "store.order", "pk": 15, "fields": {"customer": 5, "date_ordered": "2025-03-27T09:28:50.269Z", "complete": false, "transaction_id": "1743067730.267688"}}, {"model": "store.order", "pk": 16, "fields": {"customer": 6, "date_ordered": "2025-03-27T10:29:55.630Z", "complete": true, "transaction_id": "1743076088.410946"}}, {"model": "store.order", "pk": 17, "fields": {"customer": 7, "date_ordered": "2025-03-27T10:43:00.281Z", "complete": false, "transaction_id": null}}, {"model": "store.order", "pk": 18, "fields": {"customer": 6, "date_ordered": "2025-03-27T11:50:39.903Z", "complete": false, "transaction_id": null}}, {"model": "store.order", "pk": 19, "fields": {"customer": 4, "date_ordered": "2025-03-31T05:49:44.403Z", "complete": true, "transaction_id": "1743406400.21964"}}, {"model": "store.order", "pk": 20, "fields": {"customer": 4, "date_ordered": "2025-03-31T07:37:40.056Z", "complete": true, "transaction_id": "1743434670.529993"}}, {"model": "store.order", "pk": 21, "fields": {"customer": 4, "date_ordered": "2025-03-31T15:25:19.594Z", "complete": false, "transaction_id": "1743441470.553679"}}, {"model": "store.orderitem", "pk": 12, "fields": {"product": null, "order": 1, "quantity": 1, "date_added": "2022-08-31T09:34:21.159Z"}}, {"model": "store.orderitem", "pk": 15, "fields": {"product": null, "order": 2, "quantity": 2, "date_added": "2022-08-31T09:43:30.170Z"}}, {"model": "store.orderitem", "pk": 17, "fields": {"product": null, "order": 3, "quantity": 1, "date_added": "2022-08-31T16:56:11.657Z"}}, {"model": "store.orderitem", "pk": 18, "fields": {"product": null, "order": 3, "quantity": 1, "date_added": "2022-08-31T16:56:53.589Z"}}, {"model": "store.orderitem", "pk": 19, "fields": {"product": null, "order": 4, "quantity": 1, "date_added": "2022-08-31T16:57:24.825Z"}}, {"model": "store.orderitem", "pk": 20, "fields": {"product": null, "order": 4, "quantity": 1, "date_added": "2022-08-31T16:57:26.267Z"}}, {"model": "store.orderitem", "pk": 21, "fields": {"product": null, "order": 6, "quantity": 1, "date_added": "2022-09-01T06:32:18.269Z"}}, {"model": "store.orderitem", "pk": 22, "fields": {"product": null, "order": 6, "quantity": 1, "date_added": "2022-09-01T06:32:19.385Z"}}, {"model": "store.orderitem", "pk": 23, "fields": {"product": null, "order": 8, "quantity": 1, "date_added": "2025-01-27T23:44:50.351Z"}}, {"model": "store.orderitem", "pk": 24, "fields": {"product": null, "order": 8, "quantity": 1, "date_added": "2025-01-27T23:44:53.740Z"}}, {"model": "store.orderitem", "pk": 25, "fields": {"product": null, "order": 8, "quantity": 1, "date_added": "2025-01-27T23:44:55.569Z"}}, {"model": "store.orderitem", "pk": 27, "fields": {"product": null, "order": 9, "quantity": 5, "date_added": "2025-01-27T23:46:47.685Z"}}, {"model": "store.orderitem", "pk": 28, "fields": {"product": null, "order": 9, "quantity": 1, "date_added": "2025-01-27T23:46:52.363Z"}}, {"model": "store.orderitem", "pk": 29, "fields": {"product": null, "order": 10, "quantity": 1, "date_added": "2025-01-28T10:42:05.586Z"}}, {"model": "store.orderitem", "pk": 30, "fields": {"product": null, "order": 10, "quantity": 1, "date_added": "2025-01-28T10:42:07.385Z"}}, {"model": "store.orderitem", "pk": 31, "fields": {"product": null, "order": 10, "quantity": 1, "date_added": "2025-01-28T10:42:46.996Z"}}, {"model": "store.orderitem", "pk": 32, "fields": {"product": 10, "order": 11, "quantity": 1, "date_added": "2025-01-28T11:04:13.506Z"}}, {"model": "store.orderitem", "pk": 33, "fields": {"product": 11, "order": 11, "quantity": 1, "date_added": "2025-01-28T11:04:14.856Z"}}, {"model": "store.orderitem", "pk": 34, "fields": {"product": 12, "order": 11, "quantity": 1, "date_added": "2025-01-28T11:04:15.838Z"}}, {"model": "store.orderitem", "pk": 35, "fields": {"product": 13, "order": 11, "quantity": 1, "date_added": "2025-01-28T11:04:18.670Z"}}, {"model": "store.orderitem", "pk": 36, "fields": {"product": 15, "order": 11, "quantity": 1, "date_added": "2025-01-28T11:04:19.859Z"}}, {"model": "store.orderitem", "pk": 37, "fields": {"product": 16, "order": 11, "quantity": 1, "date_added": "2025-01-28T11:04:20.954Z"}}, {"model": "store.orderitem", "pk": 38, "fields": {"product": 10, "order": 13, "quantity": 2, "date_added": "2025-03-12T00:11:11.586Z"}}, {"model": "store.orderitem", "pk": 39, "fields": {"product": 11, "order": 13, "quantity": 1, "date_added": "2025-03-12T00:11:14.727Z"}}, {"model": "store.orderitem", "pk": 40, "fields": {"product": 10, "order": 14, "quantity": 1, "date_added": "2025-03-27T08:53:54.346Z"}}, {"model": "store.orderitem", "pk": 41, "fields": {"product": 11, "order": 14, "quantity": 1, "date_added": "2025-03-27T08:53:57.236Z"}}, {"model": "store.orderitem", "pk": 42, "fields": {"product": 12, "order": 14, "quantity": 1, "date_added": "2025-03-27T08:53:59.583Z"}}, {"model": "store.orderitem", "pk": 43, "fields": {"product": 13, "order": 14, "quantity": 1, "date_added": "2025-03-27T08:54:02.666Z"}}, {"model": "store.orderitem", "pk": 44, "fields": {"product": 10, "order": 15, "quantity": 1, "date_added": "2025-03-27T09:29:33.263Z"}}, {"model": "store.orderitem", "pk": 45, "fields": {"product": 11, "order": 15, "quantity": 1, "date_added": "2025-03-27T09:29:35.991Z"}}, {"model": "store.orderitem", "pk": 46, "fields": {"product": 12, "order": 15, "quantity": 1, "date_added": "2025-03-27T09:29:37.143Z"}}, {"model": "store.orderitem", "pk": 47, "fields": {"product": 12, "order": 16, "quantity": 2, "date_added": "2025-03-27T10:30:02.929Z"}}, {"model": "store.orderitem", "pk": 48, "fields": {"product": 11, "order": 16, "quantity": 1, "date_added": "2025-03-27T10:30:06.043Z"}}, {"model": "store.orderitem", "pk": 49, "fields": {"product": 11, "order": 17, "quantity": 1, "date_added": "2025-03-27T10:43:02.833Z"}}, {"model": "store.orderitem", "pk": 50, "fields": {"product": 13, "order": 16, "quantity": 1, "date_added": "2025-03-27T11:47:43.250Z"}}, {"model": "store.orderitem", "pk": 51, "fields": {"product": 16, "order": 19, "quantity": 1, "date_added": "2025-03-31T06:02:23.977Z"}}, {"model": "store.orderitem", "pk": 52, "fields": {"product": 17, "order": 19, "quantity": 1, "date_added": "2025-03-31T06:02:28.394Z"}}, {"model": "store.orderitem", "pk": 53, "fields": {"product": 11, "order": 20, "quantity": 1, "date_added": "2025-03-31T08:25:43.297Z"}}, {"model": "store.orderitem", "pk": 54, "fields": {"product": 15, "order": 20, "quantity": 2, "date_added": "2025-03-31T08:25:45.130Z"}}, {"model": "store.orderitem", "pk": 55, "fields": {"product": 10, "order": 20, "quantity": 1, "date_added": "2025-03-31T12:13:09.309Z"}}, {"model": "store.orderitem", "pk": 56, "fields": {"product": 18, "order": 20, "quantity": 1, "date_added": "2025-03-31T15:24:20.390Z"}}, {"model": "store.orderitem", "pk": 57, "fields": {"product": 19, "order": 20, "quantity": 1, "date_added": "2025-03-31T15:24:21.284Z"}}, {"model": "store.orderitem", "pk": 58, "fields": {"product": 12, "order": 21, "quantity": 1, "date_added": "2025-03-31T17:17:41.720Z"}}, {"model": "store.shippingaddress", "pk": 1, "fields": {"customer": 4, "order": 20, "address": "umoja, umoja innercore", "city": "Nairobi", "state": "Nairobi", "zipcode": "00100", "date_added": "2025-03-31T08:33:07.952Z"}}, {"model": "store.shippingaddress", "pk": 2, "fields": {"customer": 4, "order": 20, "address": "umoja, umoja innercore", "city": "Nairobi", "state": "Nairobi", "zipcode": "00100", "date_added": "2025-03-31T08:46:08.196Z"}}, {"model": "store.shippingaddress", "pk": 3, "fields": {"customer": 4, "order": 20, "address": "umoja, umoja innercore", "city": "Nairobi", "state": "Nairobi", "zipcode": "00100", "date_added": "2025-03-31T11:46:58.384Z"}}, {"model": "store.shippingaddress", "pk": 4, "fields": {"customer": 4, "order": 20, "address": "umoja, umoja innercore", "city": "Nairobi", "state": "Nairobi", "zipcode": "00100", "date_added": "2025-03-31T12:07:54.430Z"}}, {"model": "store.shippingaddress", "pk": 5, "fields": {"customer": 4, "order": 20, "address": "umoja, umoja innercore", "city": "Nairobi", "state": "Nairobi", "zipcode": "00100", "date_added": "2025-03-31T12:11:37.750Z"}}, {"model": "store.shippingaddress", "pk": 6, "fields": {"customer": 4, "order": 20, "address": "umoja, umoja innercore", "city": "Nairobi", "state": "Nairobi", "zipcode": "00100", "date_added": "2025-03-31T12:12:45.924Z"}}, {"model": "store.shippingaddress", "pk": 7, "fields": {"customer": 4, "order": 20, "address": "umoja, umoja innercore", "city": "Nairobi", "state": "Nairobi", "zipcode": "00100", "date_added": "2025-03-31T12:13:17.689Z"}}, {"model": "store.shippingaddress", "pk": 8, "fields": {"customer": 4, "order": 20, "address": "umoja, umoja innercore", "city": "Nairobi", "state": "Nairobi", "zipcode": "00100", "date_added": "2025-03-31T13:17:42.299Z"}}, {"model": "store.shippingaddress", "pk": 9, "fields": {"customer": 4, "order": 20, "address": "umoja, umoja innercore", "city": "Nairobi", "state": "Nairobi", "zipcode": "00100", "date_added": "2025-03-31T13:19:12.329Z"}}, {"model": "store.shippingaddress", "pk": 10, "fields": {"customer": 4, "order": 20, "address": "umoja, umoja innercore", "city": "Nairobi", "state": "Nairobi", "zipcode": "00100", "date_added": "2025-03-31T13:24:25.998Z"}}, {"model": "store.shippingaddress", "pk": 11, "fields": {"customer": 4, "order": 20, "address": "umoja, umoja innercore", "city": "Nairobi", "state": "Nairobi", "zipcode": "00100", "date_added": "2025-03-31T13:29:21.822Z"}}, {"model": "store.shippingaddress", "pk": 12, "fields": {"customer": 4, "order": 20, "address": "umoja, umoja innercore", "city": "Nairobi", "state": "Nairobi", "zipcode": "00100", "date_added": "2025-03-31T13:35:59.289Z"}}, {"model": "store.shippingaddress", "pk": 13, "fields": {"customer": 4, "order": 20, "address": "umoja, umoja innercore", "city": "Nairobi", "state": "Nairobi", "zipcode": "00100", "date_added": "2025-03-31T13:36:31.969Z"}}, {"model": "store.shippingaddress", "pk": 14, "fields": {"customer": 4, "order": 20, "address": "umoja, umoja innercore", "city": "Nairobi", "state": "Nairobi", "zipcode": "00100", "date_added": "2025-03-31T14:00:02.951Z"}}, {"model": "store.shippingaddress", "pk": 15, "fields": {"customer": 4, "order": 20, "address": "umoja, umoja innercore", "city": "Nairobi", "state": "Nairobi", "zipcode": "00100", "date_added": "2025-03-31T15:11:03.524Z"}}, {"model": "store.shippingaddress", "pk": 16, "fields": {"customer": 4, "order": 20, "address": "umoja, umoja innercore", "city": "Nairobi", "state": "Nairobi", "zipcode": "00100", "date_added": "2025-03-31T15:24:30.557Z"}}, {"model": "store.shippingaddress", "pk": 17, "fields": {"customer": 4, "order": 21, "address": "umoja, umoja innercore", "city": "Nairobi", "state": "Nairobi", "zipcode": "00100", "date_added": "2025-03-31T17:17:50.573Z"}}]